Forwarder;CHG from;CHG to;Unit;Zone 1;Zone 2;Zone 3;Zone 4;Zone 5;Zone 6;Zone 7;Zone 8;Zone 9;Zone 10;Zone 11;Zone 12;Zone 13;Zone 14;Zone 15;Zone 16;Zone 17;Zone 18;Zone 19;Zone 20;Zone 21;Zone 22;Zone 23;Zone 24;Zone 25;Zone 26;Zone 27;Zone 28;Zone 29;Zone 30;Zone 31;Zone 32;Zone 33;Zone 34;Zone 35;Zone 36;Zone 37;Zone 38;Zone 39;Zone 40;Zone 41;Zone 42;Zone 43;Zone 44;Zone 45;Zone 46;Zone 47;Zone 48;Zone 49;Zone 50;Zone 51;Zone 52;Zone 53;Zone 54;Zone 55;Zone 56;Zone 57;Zone 58;Zone 59;Zone 60;Zone 61;Zone 62;Zone 63;Zone 64;Zone 65;Zone 66;Zone 67;Zone 68;Zone 69;Zone 70;Zone 71;Zone 72;Zone 73;Zone 74;Zone 75;Zone 76;Zone 77;Zone 78;Zone 79;Zone 80;Zone 81;Zone 82;Zone 83;Zone 84;Zone 85;Zone 86;Zone 87;Zone 88;Zone 89;Zone 90;Zone 91;Zone 92;Zone 93;Zone 94;Zone 95;Zone 96;Zone 97;Zone 98;Zone 99;Zone 100;Zone 101;Zone 102;Zone 103;Zone 104;Zone 105;Zone 106;Zone 107;Zone 108;Zone 109;Zone 110;Zone 111;Zone 112;Zone 113;Zone 114;Zone 115;Zone 116;Zone 117;Zone 118;Zone 119;Zone 120;Zone 121;Zone 122;Zone 123;Zone 124;Zone 125;Zone 126;Zone 127;Zone 128;Zone 129;Zone 130;Zone 131;Zone 132;Zone 133;Zone 134;Zone 135;Zone 136;Zone 137;Zone 138;Zone 139;Zone 140;Zone 141;Zone 142;Zone 143;Zone 144;Zone 145;Zone 146;Zone 147;Zone 148;Zone 149;Zone 150
DHL;0;0,4;SHP;54,51 €;62,82 €;60,43 €;57,53 €;51,96 €;55,42 €;61,75 €;56,46 €;53,10 €;59,55 €;54,15 €;55,76 €;68,99 €;67,02 €;60,82 €;68,49 €;53,62 €;44,58 €;56,45 €;46,96 €;55,83 €;52,34 €;55,05 €;54,94 €;52,44 €;43,90 €;57,54 €;40,59 €;47,28 €;40,95 €;47,56 €;44,29 €;51,83 €;52,94 €;54,82 €;55,45 €;58,23 €;41,00 €;44,77 €;41,69 €;33,26 €;41,34 €;43,03 €;43,03 €;46,36 €;47,29 €;43,43 €;42,53 €;43,13 €;48,74 €;50,47 €;50,88 €;46,57 €;49,08 €;33,26 €;45,35 €;43,57 €;46,52 €;46,52 €;47,90 €;49,48 €;52,50 €;49,16 €;48,36 €;52,43 €;47,09 €;50,03 €;58,44 €;58,09 €;52,22 €;49,91 €;53,85 €;51,21 €;54,24 €;57,46 €;52,26 €;54,16 €;64,63 €;73,56 €;62,42 €;57,80 €;58,10 €;64,87 €;61,25 €;57,23 €;49,14 €;52,36 €;58,17 €;52,37 €;59,01 €;52,18 €;57,21 €;54,83 €;56,59 €;48,97 €;;;;;;;;;;;;;;;;;;;;;;;;;;;;;;;;;;;;;;;;;;;;;;;;;;;;;;;
DHL;0,41;0,8;SHP;91,60 €;102,12 €;98,97 €;95,34 €;85,75 €;91,87 €;99,48 €;93,89 €;87,03 €;94,94 €;90,16 €;91,14 €;107,10 €;103,46 €;101,41 €;111,18 €;89,35 €;74,17 €;90,40 €;77,93 €;92,51 €;86,47 €;89,49 €;86,03 €;84,88 €;71,91 €;94,21 €;65,74 €;76,55 €;66,04 €;75,87 €;71,87 €;82,81 €;86,29 €;89,12 €;89,55 €;95,45 €;65,86 €;72,17 €;66,79 €;50,53 €;65,87 €;68,33 €;68,33 €;73,86 €;76,04 €;70,35 €;68,16 €;69,45 €;78,36 €;81,69 €;82,81 €;76,45 €;79,05 €;50,53 €;73,60 €;70,81 €;75,29 €;75,29 €;78,65 €;80,77 €;86,13 €;81,72 €;80,46 €;86,67 €;78,94 €;83,40 €;96,74 €;96,22 €;86,23 €;83,29 €;89,72 €;85,70 €;90,45 €;93,75 €;87,49 €;91,12 €;104,68 €;114,53 €;102,12 €;96,40 €;97,22 €;105,51 €;99,56 €;95,68 €;82,53 €;87,31 €;96,99 €;89,37 €;97,08 €;87,64 €;94,25 €;89,46 €;93,67 €;81,24 €;;;;;;;;;;;;;;;;;;;;;;;;;;;;;;;;;;;;;;;;;;;;;;;;;;;;;;;
DHL;0,81;1,2;SHP;121,22 €;133,42 €;130,59 €;126,17 €;110,92 €;120,42 €;129,12 €;124,80 €;116,61 €;127,00 €;117,42 €;120,59 €;138,11 €;134,27 €;135,56 €;146,00 €;117,63 €;99,67 €;117,07 €;102,25 €;120,96 €;113,99 €;116,38 €;109,94 €;109,77 €;94,66 €;124,06 €;90,11 €;98,85 €;84,70 €;98,03 €;91,90 €;105,98 €;111,97 €;115,35 €;116,27 €;125,80 €;84,51 €;91,97 €;85,18 €;61,15 €;85,01 €;87,03 €;87,03 €;93,03 €;96,60 €;90,38 €;86,29 €;90,40 €;99,69 €;104,10 €;106,44 €;98,62 €;100,51 €;61,15 €;93,68 €;94,13 €;97,49 €;97,49 €;101,90 €;104,91 €;111,77 €;106,55 €;105,15 €;112,09 €;106,33 €;109,56 €;126,69 €;125,98 €;111,79 €;109,11 €;117,31 €;113,32 €;117,78 €;123,07 €;121,95 €;123,65 €;138,25 €;149,48 €;134,95 €;129,04 €;129,24 €;138,48 €;130,94 €;126,03 €;110,07 €;114,77 €;128,27 €;119,91 €;128,30 €;115,58 €;123,10 €;116,33 €;122,20 €;105,96 €;;;;;;;;;;;;;;;;;;;;;;;;;;;;;;;;;;;;;;;;;;;;;;;;;;;;;;;
DHL;1,21;1,6;SHP;159,17 €;172,09 €;166,83 €;163,62 €;146,71 €;156,84 €;165,63 €;162,10 €;151,74 €;160,54 €;154,45 €;154,87 €;176,27 €;171,30 €;176,16 €;187,10 €;153,85 €;131,49 €;149,83 €;136,37 €;156,84 €;148,06 €;151,69 €;141,41 €;145,10 €;125,46 €;159,95 €;116,83 €;128,98 €;112,95 €;125,28 €;120,37 €;136,27 €;145,13 €;148,23 €;149,43 €;160,21 €;112,82 €;122,92 €;113,89 €;81,57 €;112,77 €;115,04 €;115,04 €;122,66 €;127,18 €;120,96 €;113,94 €;119,95 €;130,20 €;136,16 €;139,08 €;131,31 €;129,92 €;81,57 €;122,15 €;124,02 €;128,99 €;128,99 €;135,44 €;137,64 €;145,33 €;141,36 €;140,57 €;147,25 €;140,70 €;145,54 €;164,98 €;164,50 €;146,59 €;145,91 €;153,40 €;150,45 €;154,70 €;159,64 €;159,05 €;164,29 €;178,01 €;189,65 €;174,38 €;168,40 €;167,06 €;177,89 €;169,29 €;167,21 €;146,73 €;150,58 €;165,31 €;156,79 €;165,82 €;151,93 €;159,48 €;150,31 €;158,50 €;139,12 €;;;;;;;;;;;;;;;;;;;;;;;;;;;;;;;;;;;;;;;;;;;;;;;;;;;;;;;
DHL;1,61;2;SHP;190,73 €;203,00 €;198,21 €;194,65 €;174,39 €;186,66 €;195,87 €;193,22 €;179,11 €;191,22 €;184,23 €;184,00 €;209,33 €;201,79 €;210,47 €;221,65 €;183,70 €;157,26 €;175,98 €;161,95 €;187,20 €;175,85 €;180,54 €;166,43 €;171,08 €;148,53 €;190,15 €;139,75 €;153,26 €;133,10 €;146,86 €;142,36 €;160,12 €;171,88 €;175,13 €;176,14 €;190,39 €;132,38 €;144,72 €;133,96 €;93,44 €;132,48 €;135,31 €;135,31 €;144,34 €;149,65 €;142,18 €;134,17 €;141,45 €;153,41 €;161,65 €;164,54 €;155,39 €;153,38 €;93,44 €;144,15 €;147,35 €;152,74 €;152,74 €;160,86 €;162,97 €;172,62 €;168,03 €;166,70 €;175,32 €;168,49 €;173,33 €;196,77 €;196,04 €;174,64 €;173,26 €;183,59 €;179,77 €;184,59 €;188,81 €;191,76 €;198,42 €;212,74 €;226,87 €;208,52 €;201,60 €;200,25 €;210,77 €;200,30 €;199,94 €;174,88 €;179,98 €;197,14 €;187,66 €;198,43 €;181,81 €;189,56 €;178,44 €;188,47 €;165,80 €;;;;;;;;;;;;;;;;;;;;;;;;;;;;;;;;;;;;;;;;;;;;;;;;;;;;;;;
DHL;2,1;2,4;SHP;234,17 €;249,35 €;243,10 €;240,47 €;215,41 €;230,52 €;239,04 €;238,42 €;222,80 €;233,30 €;225,96 €;226,75 €;257,14 €;247,79 €;258,99 €;270,84 €;225,85 €;190,23 €;216,53 €;199,49 €;230,49 €;217,32 €;221,42 €;204,77 €;212,76 €;182,59 €;234,84 €;169,23 €;190,71 €;165,26 €;183,42 €;175,96 €;199,24 €;213,10 €;217,20 €;219,36 €;235,22 €;165,00 €;180,60 €;167,34 €;117,29 €;163,91 €;167,49 €;167,49 €;179,28 €;185,57 €;176,93 €;166,00 €;174,69 €;190,86 €;199,49 €;203,73 €;192,46 €;190,29 €;117,29 €;179,13 €;180,16 €;188,41 €;188,41 €;198,88 €;202,45 €;213,18 €;207,68 €;205,97 €;216,40 €;206,36 €;213,83 €;243,07 €;241,92 €;215,03 €;214,28 €;225,40 €;221,00 €;227,89 €;231,85 €;231,77 €;244,12 €;261,14 €;276,10 €;256,13 €;248,05 €;245,53 €;259,46 €;246,07 €;246,05 €;215,34 €;221,28 €;243,65 €;231,10 €;241,67 €;223,29 €;234,52 €;220,40 €;233,26 €;204,07 €;;;;;;;;;;;;;;;;;;;;;;;;;;;;;;;;;;;;;;;;;;;;;;;;;;;;;;;
DHL;2,41;2,8;SHP;266,79 €;281,92 €;275,80 €;273,12 €;244,30 €;261,64 €;270,45 €;271,05 €;253,76 €;264,82 €;256,97 €;257,79 €;288,61 €;279,18 €;294,72 €;306,58 €;257,13 €;218,30 €;244,36 €;227,32 €;261,71 €;246,81 €;250,96 €;230,22 €;240,57 €;208,04 €;266,15 €;193,97 €;215,32 €;187,05 €;206,68 €;199,18 €;224,36 €;241,01 €;245,21 €;247,19 €;266,70 €;186,02 €;203,98 €;188,33 €;128,45 €;185,63 €;189,15 €;189,15 €;201,91 €;209,30 €;200,35 €;184,77 €;198,21 €;215,26 €;225,47 €;230,46 €;218,40 €;214,78 €;128,45 €;202,33 €;205,47 €;213,55 €;213,55 €;225,61 €;229,22 €;241,65 €;236,09 €;234,36 €;242,52 €;236,10 €;243,41 €;275,62 €;274,46 €;241,20 €;243,84 €;256,27 €;251,88 €;258,71 €;262,73 €;266,31 €;278,43 €;295,61 €;310,93 €;290,57 €;282,33 €;279,54 €;293,48 €;278,72 €;279,94 €;245,84 €;251,75 €;276,66 €;264,03 €;274,76 €;254,41 €;265,66 €;246,67 €;264,39 €;231,97 €;;;;;;;;;;;;;;;;;;;;;;;;;;;;;;;;;;;;;;;;;;;;;;;;;;;;;;;
DHL;2,81;3,2;SHP;304,34 €;322,74 €;312,60 €;310,41 €;279,83 €;298,33 €;309,58 €;307,87 €;285,00 €;301,21 €;292,66 €;292,43 €;330,30 €;315,63 €;335,48 €;350,75 €;292,84 €;244,59 €;278,76 €;257,84 €;299,06 €;280,28 €;285,97 €;262,04 €;274,45 €;234,94 €;303,13 €;219,32 €;245,93 €;212,82 €;234,20 €;226,99 €;256,03 €;274,91 €;279,89 €;282,34 €;303,70 €;211,94 €;232,60 €;214,34 €;148,52 €;210,66 €;215,57 €;215,57 €;231,26 €;239,68 €;227,98 €;213,76 €;225,03 €;245,97 €;258,18 €;263,33 €;248,84 €;245,71 €;148,52 €;231,41 €;231,85 €;243,46 €;243,46 €;257,24 €;260,52 €;275,75 €;269,26 €;267,37 €;281,38 €;266,10 €;277,23 €;314,83 €;313,70 €;279,46 €;278,18 €;292,79 €;286,70 €;296,31 €;299,61 €;302,03 €;316,36 €;336,18 €;352,53 €;330,80 €;321,73 €;318,26 €;335,08 €;317,31 €;319,97 €;278,86 €;287,16 €;315,09 €;299,89 €;312,54 €;290,10 €;303,42 €;284,95 €;302,30 €;264,46 €;;;;;;;;;;;;;;;;;;;;;;;;;;;;;;;;;;;;;;;;;;;;;;;;;;;;;;;
DHL;3,21;3,99;SHP;504,69 €;515,78 €;511,34 €;458,10 €;441,46 €;458,10 €;448,12 €;475,85 €;464,75 €;464,75 €;470,30 €;448,12 €;492,48 €;492,48 €;571,24 €;560,15 €;492,48 €;429,26 €;423,71 €;441,46 €;470,30 €;516,89 €;516,89 €;403,75 €;382,67 €;382,67 €;393,77 €;366,04 €;347,18 €;309,47 €;265,10 €;298,37 €;316,12 €;323,89 €;341,63 €;364,93 €;423,71 €;271,75 €;285,06 €;265,10 €;265,10 €;265,10 €;297,27 €;297,27 €;303,92 €;328,32 €;297,27 €;297,27 €;303,92 €;303,92 €;364,93 €;379,35 €;348,29 €;265,10 €;265,10 €;265,10 €;372,69 €;360,49 €;403,75 €;403,75 €;360,49 €;458,10 €;429,26 €;417,06 €;417,06 €;488,05 €;488,05 €;529,09 €;529,09 €;458,10 €;470,30 €;470,30 €;541,29 €;560,15 €;560,15 €;543,51 €;543,51 €;597,86 €;625,59 €;616,72 €;521,32 €;504,69 €;616,72 €;616,72 €;532,42 €;470,30 €;470,30 €;515,78 €;560,15 €;625,59 €;448,12 €;447,01 €;464,75 €;429,26 €;429,26 €;;;;;;;;;;;;;;;;;;;;;;;;;;;;;;;;;;;;;;;;;;;;;;;;;;;;;;;
DHL;4;4,99;SHP;588,99 €;602,30 €;594,53 €;536,85 €;516,89 €;536,85 €;523,54 €;556,82 €;543,51 €;543,51 €;550,16 €;523,54 €;575,67 €;575,67 €;664,41 €;654,43 €;575,67 €;502,47 €;495,81 €;516,89 €;551,27 €;605,62 €;605,62 €;464,75 €;448,12 €;448,12 €;461,43 €;422,61 €;405,97 €;358,27 €;307,25 €;343,85 €;366,04 €;379,35 €;393,77 €;427,04 €;495,81 €;315,01 €;329,43 €;307,25 €;307,25 €;307,25 €;343,85 €;343,85 €;351,62 €;380,46 €;343,85 €;343,85 €;351,62 €;351,62 €;427,04 €;435,92 €;402,64 €;307,25 €;307,25 €;307,25 €;429,26 €;414,84 €;464,75 €;464,75 €;414,84 €;536,85 €;502,47 €;489,16 €;489,16 €;571,24 €;571,24 €;620,04 €;620,04 €;536,85 €;551,27 €;551,27 €;633,35 €;654,43 €;654,43 €;634,46 €;634,46 €;695,47 €;727,64 €;719,87 €;608,95 €;588,99 €;719,87 €;719,87 €;622,26 €;551,27 €;551,27 €;602,30 €;654,43 €;727,64 €;523,54 €;523,54 €;544,62 €;502,47 €;502,47 €;;;;;;;;;;;;;;;;;;;;;;;;;;;;;;;;;;;;;;;;;;;;;;;;;;;;;;;
DHL;5;5,99;SHP;674,39 €;688,81 €;667,74 €;597,86 €;574,57 €;597,86 €;598,97 €;636,68 €;621,15 €;621,15 €;628,92 €;598,97 €;658,86 €;658,86 €;745,38 €;748,71 €;658,86 €;559,04 €;552,38 €;574,57 €;613,39 €;674,39 €;674,39 €;519,11 €;498,03 €;498,03 €;513,56 €;471,41 €;452,55 €;393,77 €;338,31 €;383,78 €;402,64 €;421,50 €;439,24 €;474,74 €;552,38 €;346,07 €;361,60 €;338,31 €;338,31 €;338,31 €;378,24 €;378,24 €;386,00 €;418,17 €;378,24 €;378,24 €;386,00 €;386,00 €;474,74 €;486,94 €;442,57 €;338,31 €;338,31 €;338,31 €;479,17 €;463,65 €;519,11 €;519,11 €;463,65 €;597,86 €;559,04 €;544,62 €;544,62 €;636,68 €;636,68 €;689,92 €;689,92 €;597,86 €;613,39 €;613,39 €;705,45 €;748,71 €;748,71 €;726,53 €;726,53 €;780,88 €;816,37 €;824,14 €;696,58 €;674,39 €;824,14 €;824,14 €;711,00 €;613,39 €;613,39 €;688,81 €;748,71 €;816,37 €;598,97 €;582,33 €;605,62 €;559,04 €;559,04 €;;;;;;;;;;;;;;;;;;;;;;;;;;;;;;;;;;;;;;;;;;;;;;;;;;;;;;;
DHL;6;6,99;SHP;738,73 €;755,37 €;729,85 €;648,88 €;624,48 €;648,88 €;656,65 €;697,69 €;681,05 €;681,05 €;689,92 €;656,65 €;722,09 €;722,09 €;815,26 €;820,81 €;722,09 €;607,84 €;598,97 €;624,48 €;665,52 €;732,07 €;732,07 €;559,04 €;541,29 €;541,29 €;557,93 €;506,90 €;491,38 €;421,50 €;361,60 €;412,62 €;430,37 €;458,10 €;472,52 €;515,78 €;598,97 €;369,36 €;387,11 €;361,60 €;361,60 €;361,60 €;403,75 €;403,75 €;412,62 €;447,01 €;403,75 €;403,75 €;412,62 €;412,62 €;515,78 €;524,65 €;472,52 €;361,60 €;361,60 €;361,60 €;515,78 €;499,14 €;559,04 €;559,04 €;499,14 €;648,88 €;607,84 €;591,20 €;591,20 €;691,03 €;691,03 €;748,71 €;748,71 €;648,88 €;665,52 €;665,52 €;765,35 €;820,81 €;820,81 €;796,41 €;796,41 €;854,08 €;892,91 €;902,89 €;763,13 €;738,73 €;902,89 €;902,89 €;779,77 €;665,52 €;665,52 €;755,37 €;820,81 €;892,91 €;656,65 €;632,24 €;657,76 €;607,84 €;607,84 €;;;;;;;;;;;;;;;;;;;;;;;;;;;;;;;;;;;;;;;;;;;;;;;;;;;;;;;
DHL;7;7,99;SHP;778,66 €;796,41 €;781,99 €;701,01 €;674,39 €;701,01 €;692,14 €;735,40 €;717,65 €;717,65 €;726,53 €;692,14 €;760,91 €;760,91 €;874,05 €;865,18 €;760,91 €;655,54 €;646,66 €;674,39 €;718,76 €;790,86 €;790,86 €;594,53 €;584,55 €;584,55 €;602,30 €;540,18 €;530,20 €;448,12 €;384,89 €;439,24 €;458,10 €;494,70 €;503,58 €;556,82 €;646,66 €;393,77 €;411,51 €;384,89 €;384,89 €;384,89 €;430,37 €;430,37 €;439,24 €;475,85 €;430,37 €;430,37 €;439,24 €;439,24 €;556,82 €;557,93 €;503,58 €;384,89 €;384,89 €;384,89 €;549,05 €;531,31 €;594,53 €;594,53 €;531,31 €;701,01 €;655,54 €;637,79 €;637,79 €;745,38 €;745,38 €;808,61 €;808,61 €;701,01 €;718,76 €;718,76 €;826,35 €;865,18 €;865,18 €;839,66 €;839,66 €;915,09 €;957,24 €;951,69 €;804,17 €;778,66 €;951,69 €;951,69 €;821,92 €;718,76 €;718,76 €;796,41 €;865,18 €;957,24 €;692,14 €;683,27 €;709,89 €;655,54 €;655,54 €;;;;;;;;;;;;;;;;;;;;;;;;;;;;;;;;;;;;;;;;;;;;;;;;;;;;;;;
DHL;8;8,99;SHP;838,56 €;857,41 €;847,43 €;753,15 €;724,31 €;753,15 €;745,38 €;791,97 €;773,11 €;773,11 €;783,10 €;745,38 €;819,70 €;819,70 €;947,26 €;931,73 €;819,70 €;704,34 €;694,36 €;724,31 €;772,00 €;849,65 €;849,65 €;631,13 €;627,81 €;627,81 €;646,66 €;572,35 €;569,02 €;475,85 €;408,19 €;465,86 €;485,83 €;531,31 €;533,53 €;597,86 €;694,36 €;417,06 €;437,02 €;408,19 €;408,19 €;408,19 €;455,88 €;455,88 €;465,86 €;504,69 €;455,88 €;455,88 €;465,86 €;465,86 €;597,86 €;592,31 €;534,63 €;408,19 €;408,19 €;408,19 €;582,33 €;563,47 €;631,13 €;631,13 €;563,47 €;753,15 €;704,34 €;685,49 €;685,49 €;800,84 €;800,84 €;868,50 €;868,50 €;753,15 €;772,00 €;772,00 €;887,36 €;931,73 €;931,73 €;904,00 €;904,00 €;991,62 €;1.037,10 €;1.024,90 €;866,29 €;838,56 €;1.024,90 €;1.024,90 €;885,14 €;772,00 €;772,00 €;857,41 €;931,73 €;1.037,10 €;745,38 €;733,18 €;762,02 €;704,34 €;704,34 €;;;;;;;;;;;;;;;;;;;;;;;;;;;;;;;;;;;;;;;;;;;;;;;;;;;;;;;
DHL;9;9,99;SHP;898,45 €;918,42 €;909,54 €;787,53 €;757,58 €;787,53 €;798,62 €;848,54 €;828,57 €;828,57 €;838,56 €;798,62 €;878,49 €;878,49 €;1.016,03 €;998,28 €;878,49 €;736,51 €;726,53 €;757,58 €;807,50 €;888,47 €;888,47 €;659,97 €;656,65 €;656,65 €;676,61 €;598,97 €;595,64 €;498,03 €;427,04 €;486,94 €;508,01 €;555,71 €;559,04 €;625,59 €;726,53 €;437,02 €;456,99 €;427,04 €;427,04 €;427,04 €;478,07 €;478,07 €;488,05 €;529,09 €;478,07 €;478,07 €;488,05 €;488,05 €;625,59 €;618,93 €;559,04 €;427,04 €;427,04 €;427,04 €;608,95 €;588,99 €;659,97 €;659,97 €;588,99 €;787,53 €;736,51 €;716,54 €;716,54 €;837,45 €;837,45 €;908,43 €;908,43 €;787,53 €;807,50 €;807,50 €;928,40 €;998,28 €;998,28 €;968,33 €;968,33 €;1.063,72 €;1.112,53 €;1.098,11 €;928,40 €;898,45 €;1.098,11 €;1.098,11 €;948,37 €;807,50 €;807,50 €;918,42 €;998,28 €;1.112,53 €;798,62 €;767,57 €;797,51 €;736,51 €;736,51 €;;;;;;;;;;;;;;;;;;;;;;;;;;;;;;;;;;;;;;;;;;;;;;;;;;;;;;;
DHL;10;10,99;SHP;968,33 €;989,41 €;1.000,50 €;839,66 €;807,50 €;839,66 €;860,74 €;915,09 €;892,91 €;892,91 €;904,00 €;860,74 €;947,26 €;947,26 €;1.118,07 €;1.075,92 €;947,26 €;785,31 €;774,22 €;807,50 €;860,74 €;947,26 €;947,26 €;706,56 €;699,91 €;699,91 €;720,98 €;641,12 €;634,46 €;532,42 €;456,99 €;521,32 €;543,51 €;592,31 €;597,86 €;666,63 €;774,22 €;466,97 €;489,16 €;456,99 €;456,99 €;456,99 €;511,34 €;511,34 €;521,32 €;565,69 €;511,34 €;511,34 €;521,32 €;521,32 €;666,63 €;663,30 €;597,86 €;456,99 €;456,99 €;456,99 €;652,21 €;630,03 €;706,56 €;706,56 €;630,03 €;839,66 €;785,31 €;764,24 €;764,24 €;892,91 €;892,91 €;968,33 €;968,33 €;839,66 €;860,74 €;860,74 €;989,41 €;1.075,92 €;1.075,92 €;1.043,76 €;1.043,76 €;1.171,32 €;1.224,56 €;1.183,52 €;1.000,50 €;968,33 €;1.183,52 €;1.183,52 €;1.022,68 €;860,74 €;860,74 €;989,41 €;1.075,92 €;1.224,56 €;860,74 €;817,48 €;849,65 €;785,31 €;785,31 €;;;;;;;;;;;;;;;;;;;;;;;;;;;;;;;;;;;;;;;;;;;;;;;;;;;;;;;
DHL;11;14;SHP;998,28 €;1.020,46 €;1.042,65 €;865,18 €;831,90 €;865,18 €;887,36 €;942,82 €;920,64 €;920,64 €;931,73 €;887,36 €;976,10 €;976,10 €;1.164,66 €;1.109,20 €;976,10 €;809,72 €;798,62 €;831,90 €;887,36 €;976,10 €;976,10 €;720,98 €;720,98 €;720,98 €;743,16 €;654,43 €;654,43 €;543,51 €;465,86 €;532,42 €;554,60 €;610,06 €;610,06 €;687,70 €;798,62 €;476,96 €;499,14 €;465,86 €;465,86 €;465,86 €;521,32 €;521,32 €;532,42 €;576,78 €;521,32 €;521,32 €;532,42 €;532,42 €;687,70 €;676,61 €;610,06 €;465,86 €;465,86 €;465,86 €;665,52 €;643,34 €;720,98 €;720,98 €;643,34 €;865,18 €;809,72 €;787,53 €;787,53 €;920,64 €;920,64 €;998,28 €;998,28 €;865,18 €;887,36 €;887,36 €;1.020,46 €;1.109,20 €;1.109,20 €;1.075,92 €;1.075,92 €;1.220,12 €;1.275,58 €;1.220,12 €;1.031,56 €;998,28 €;1.220,12 €;1.220,12 €;1.053,74 €;887,36 €;887,36 €;1.020,46 €;1.109,20 €;1.275,58 €;887,36 €;842,99 €;876,27 €;809,72 €;809,72 €;;;;;;;;;;;;;;;;;;;;;;;;;;;;;;;;;;;;;;;;;;;;;;;;;;;;;;;
;;;;;;;;;;;;;;;;;;;;;;;;;;;;;;;;;;;;;;;;;;;;;;;;;;;;;;;;;;;;;;;;;;;;;;;;;;;;;;;;;;;;;;;;;;;;;;;;;;;;;;;;;;;;;;;;;;;;;;;;;;;;;;;;;;;;;;;;;;;;;;;;;;;;;;;;;
Zobel;0,1;3;SHP;180,00 €;235,00 €;240,00 €;260,00 €;295,00 €;330,00 €;360,00 €;375,00 €;395,00 €;410,00 €;430,00 €;500,00 €;;;;;;;;;;;;;;;;;;;;;;;;;;;;;;;;;;;;;;;;;;;;;;;;;;;;;;;;;;;;;;;;;;;;;;;;;;;;;;;;;;;;;;;;;;;;;;;;;;;;;;;;;;;;;;;;;;;;;;;;;;;;;;;;;;;;;;;;;;
Zobel;3,01;4;SHP;185,00 €;240,00 €;245,00 €;275,00 €;310,00 €;350,00 €;385,00 €;400,00 €;420,00 €;440,00 €;460,00 €;535,00 €;;;;;;;;;;;;;;;;;;;;;;;;;;;;;;;;;;;;;;;;;;;;;;;;;;;;;;;;;;;;;;;;;;;;;;;;;;;;;;;;;;;;;;;;;;;;;;;;;;;;;;;;;;;;;;;;;;;;;;;;;;;;;;;;;;;;;;;;;;
Zobel;4,01;5;SHP;205,00 €;250,00 €;285,00 €;305,00 €;355,00 €;380,00 €;425,00 €;460,00 €;475,00 €;520,00 €;575,00 €;590,00 €;;;;;;;;;;;;;;;;;;;;;;;;;;;;;;;;;;;;;;;;;;;;;;;;;;;;;;;;;;;;;;;;;;;;;;;;;;;;;;;;;;;;;;;;;;;;;;;;;;;;;;;;;;;;;;;;;;;;;;;;;;;;;;;;;;;;;;;;;;
Zobel;5,01;6;SHP;225,00 €;270,00 €;315,00 €;335,00 €;400,00 €;445,00 €;485,00 €;515,00 €;565,00 €;620,00 €;630,00 €;725,00 €;;;;;;;;;;;;;;;;;;;;;;;;;;;;;;;;;;;;;;;;;;;;;;;;;;;;;;;;;;;;;;;;;;;;;;;;;;;;;;;;;;;;;;;;;;;;;;;;;;;;;;;;;;;;;;;;;;;;;;;;;;;;;;;;;;;;;;;;;;
Zobel;6,01;7;SHP;240,00 €;285,00 €;315,00 €;350,00 €;435,00 €;480,00 €;535,00 €;610,00 €;655,00 €;730,00 €;765,00 €;855,00 €;;;;;;;;;;;;;;;;;;;;;;;;;;;;;;;;;;;;;;;;;;;;;;;;;;;;;;;;;;;;;;;;;;;;;;;;;;;;;;;;;;;;;;;;;;;;;;;;;;;;;;;;;;;;;;;;;;;;;;;;;;;;;;;;;;;;;;;;;;
Zobel;7,01;8;SHP;260,00 €;305,00 €;325,00 €;370,00 €;475,00 €;515,00 €;585,00 €;685,00 €;710,00 €;760,00 €;875,00 €;910,00 €;;;;;;;;;;;;;;;;;;;;;;;;;;;;;;;;;;;;;;;;;;;;;;;;;;;;;;;;;;;;;;;;;;;;;;;;;;;;;;;;;;;;;;;;;;;;;;;;;;;;;;;;;;;;;;;;;;;;;;;;;;;;;;;;;;;;;;;;;;
Zobel;8,01;9;SHP;275,00 €;320,00 €;355,00 €;385,00 €;500,00 €;560,00 €;630,00 €;705,00 €;785,00 €;830,00 €;940,00 €;990,00 €;;;;;;;;;;;;;;;;;;;;;;;;;;;;;;;;;;;;;;;;;;;;;;;;;;;;;;;;;;;;;;;;;;;;;;;;;;;;;;;;;;;;;;;;;;;;;;;;;;;;;;;;;;;;;;;;;;;;;;;;;;;;;;;;;;;;;;;;;;
Zobel;9,01;10;SHP;295,00 €;340,00 €;370,00 €;400,00 €;555,00 €;595,00 €;665,00 €;765,00 €;810,00 €;875,00 €;1.010,00 €;1.085,00 €;;;;;;;;;;;;;;;;;;;;;;;;;;;;;;;;;;;;;;;;;;;;;;;;;;;;;;;;;;;;;;;;;;;;;;;;;;;;;;;;;;;;;;;;;;;;;;;;;;;;;;;;;;;;;;;;;;;;;;;;;;;;;;;;;;;;;;;;;;
Zobel;10,01;11;SHP;310,00 €;350,00 €;380,00 €;430,00 €;570,00 €;625,00 €;695,00 €;795,00 €;865,00 €;940,00 €;1.085,00 €;1.165,00 €;;;;;;;;;;;;;;;;;;;;;;;;;;;;;;;;;;;;;;;;;;;;;;;;;;;;;;;;;;;;;;;;;;;;;;;;;;;;;;;;;;;;;;;;;;;;;;;;;;;;;;;;;;;;;;;;;;;;;;;;;;;;;;;;;;;;;;;;;;
Zobel;11,01;14;SHP;340,00 €;425,00 €;460,00 €;505,00 €;645,00 €;690,00 €;790,00 €;895,00 €;980,00 €;1.090,00 €;1.240,00 €;1.360,00 €;;;;;;;;;;;;;;;;;;;;;;;;;;;;;;;;;;;;;;;;;;;;;;;;;;;;;;;;;;;;;;;;;;;;;;;;;;;;;;;;;;;;;;;;;;;;;;;;;;;;;;;;;;;;;;;;;;;;;;;;;;;;;;;;;;;;;;;;;;
;;;;;;;;;;;;;;;;;;;;;;;;;;;;;;;;;;;;;;;;;;;;;;;;;;;;;;;;;;;;;;;;;;;;;;;;;;;;;;;;;;;;;;;;;;;;;;;;;;;;;;;;;;;;;;;;;;;;;;;;;;;;;;;;;;;;;;;;;;;;;;;;;;;;;;;;;
Heuel;0,1;0,4;shp;70,41 €;71,96 €;76,37 €;65,55 €;68,74 €;68,56 €;64,81 €;66,38 €;74,61 €;74,61 €;76,30 €;74,50 €;82,17 €;82,17 €;78,72 €;77,84 €;74,25 €;69,74 €;69,41 €;71,16 €;69,61 €;74,34 €;74,50 €;69,41 €;66,47 €;66,47 €;66,47 €;63,54 €;61,12 €;60,48 €;58,81 €;61,74 €;54,23 €;61,12 €;61,74 €;66,47 €;66,99 €;52,69 €;54,23 €;52,69 €;52,69 €;54,23 €;54,23 €;54,23 €;55,24 €;58,81 €;51,16 €;51,16 €;55,24 €;51,16 €;58,81 €;60,48 €;55,24 €;48,99 €;48,99 €;54,23 €;58,81 €;57,41 €;58,81 €;60,48 €;60,48 €;63,54 €;63,54 €;61,12 €;61,74 €;63,28 €;64,27 €;67,19 €;65,47 €;66,47 €;66,47 €;66,47 €;69,41 €;68,90 €;72,06 €;75,72 €;77,41 €;82,17 €;78,87 €;77,61 €;74,50 €;71,39 €;72,32 €;69,46 €;68,40 €;63,50 €;66,62 €;69,72 €;67,72 €;73,85 €;67,57 €;65,89 €;63,54 €;66,47 €;66,47 €;;;;;;;;;;;;;;;;;;;;;;;;;;;;;;;;;;;;;;;;;;;;;;;;;;;;;;;
Heuel;0,41;0,8;shp;119,42 €;130,26 €;130,26 €;118,02 €;118,02 €;114,70 €;116,75 €;118,02 €;123,38 €;123,38 €;123,38 €;118,02 €;130,26 €;130,26 €;130,26 €;123,38 €;119,42 €;114,70 €;109,98 €;114,70 €;118,02 €;118,02 €;118,02 €;109,98 €;105,38 €;105,38 €;105,38 €;100,67 €;96,84 €;95,82 €;93,27 €;97,74 €;85,87 €;96,84 €;97,74 €;105,38 €;114,70 €;83,44 €;85,87 €;83,44 €;83,44 €;85,87 €;85,87 €;85,87 €;87,65 €;93,27 €;81,15 €;81,15 €;87,65 €;81,15 €;93,27 €;95,82 €;87,65 €;77,57 €;77,57 €;85,87 €;93,27 €;90,97 €;93,27 €;95,82 €;95,82 €;100,67 €;100,67 €;96,84 €;97,74 €;109,98 €;109,98 €;114,70 €;114,70 €;105,38 €;105,38 €;105,38 €;109,98 €;118,02 €;114,70 €;123,38 €;123,38 €;130,26 €;130,26 €;123,38 €;118,02 €;119,42 €;123,38 €;123,38 €;118,02 €;109,98 €;109,98 €;118,02 €;118,02 €;130,26 €;114,70 €;109,98 €;100,67 €;105,38 €;105,38 €;;;;;;;;;;;;;;;;;;;;;;;;;;;;;;;;;;;;;;;;;;;;;;;;;;;;;;;
Heuel;0,81;1,2;shp;171,48 €;176,31 €;184,44 €;159,78 €;166,58 €;166,04 €;158,06 €;160,56 €;177,55 €;177,52 €;181,40 €;173,16 €;192,10 €;192,10 €;190,88 €;181,54 €;176,26 €;168,10 €;162,36 €;168,10 €;170,52 €;173,16 €;173,16 €;162,36 €;157,08 €;157,08 €;157,08 €;150,17 €;141,93 €;143,02 €;138,17 €;143,28 €;125,64 €;141,93 €;143,28 €;157,08 €;161,96 €;122,65 €;125,64 €;122,65 €;122,65 €;125,64 €;125,64 €;125,64 €;131,29 €;138,17 €;121,41 €;121,41 €;131,29 €;121,41 €;138,17 €;143,02 €;131,29 €;116,23 €;116,23 €;125,64 €;138,17 €;134,98 €;138,17 €;143,02 €;143,02 €;150,17 €;150,17 €;141,93 €;143,28 €;154,83 €;156,98 €;163,79 €;159,44 €;157,08 €;157,08 €;157,08 €;162,36 €;168,49 €;168,10 €;180,74 €;181,54 €;192,10 €;190,81 €;181,54 €;173,16 €;171,47 €;175,64 €;170,27 €;165,90 €;154,39 €;160,97 €;167,58 €;163,99 €;178,74 €;163,12 €;159,87 €;150,17 €;157,08 €;157,08 €;;;;;;;;;;;;;;;;;;;;;;;;;;;;;;;;;;;;;;;;;;;;;;;;;;;;;;;
Heuel;1,21;1,6;shp;234,82 €;246,62 €;255,49 €;221,58 €;229,42 €;222,31 €;218,94 €;222,77 €;241,13 €;241,13 €;241,13 €;229,42 €;255,49 €;255,49 €;255,49 €;241,13 €;234,82 €;222,31 €;216,45 €;222,31 €;229,42 €;229,42 €;229,42 €;216,45 €;205,94 €;205,94 €;205,94 €;196,17 €;177,22 €;172,74 €;166,24 €;188,69 €;157,31 €;177,22 €;188,69 €;205,94 €;222,31 €;154,25 €;157,31 €;154,25 €;154,25 €;157,31 €;157,31 €;157,31 €;159,98 €;166,24 €;155,78 €;155,78 €;159,98 €;155,78 €;166,24 €;172,74 €;159,98 €;141,74 €;141,74 €;157,31 €;166,24 €;162,68 €;166,24 €;172,74 €;172,74 €;196,17 €;196,17 €;177,22 €;188,69 €;213,98 €;216,45 €;222,31 €;221,00 €;205,94 €;205,94 €;205,94 €;216,45 €;229,42 €;222,31 €;241,13 €;241,13 €;255,49 €;255,49 €;241,13 €;229,42 €;234,82 €;241,13 €;237,48 €;229,42 €;213,13 €;216,45 €;229,42 €;227,91 €;250,42 €;222,31 €;216,45 €;196,17 €;205,94 €;205,94 €;;;;;;;;;;;;;;;;;;;;;;;;;;;;;;;;;;;;;;;;;;;;;;;;;;;;;;;
Heuel;1,61;2;shp;289,23 €;305,31 €;314,38 €;274,27 €;281,20 €;272,42 €;271,13 €;275,10 €;296,29 €;296,29 €;296,29 €;281,20 €;314,38 €;314,38 €;314,38 €;296,29 €;289,23 €;272,42 €;266,56 €;272,42 €;281,20 €;281,20 €;281,20 €;266,56 €;251,06 €;251,06 €;251,06 €;244,56 €;212,69 €;205,92 €;201,96 €;231,83 €;193,55 €;212,69 €;231,83 €;251,06 €;272,42 €;190,49 €;193,55 €;190,49 €;190,49 €;193,55 €;193,55 €;193,55 €;196,47 €;201,96 €;190,70 €;190,70 €;196,47 €;190,70 €;201,96 €;205,92 €;196,47 €;174,15 €;174,15 €;193,55 €;201,96 €;198,01 €;201,96 €;205,92 €;205,92 €;244,56 €;244,56 €;212,69 €;231,83 €;265,38 €;266,56 €;272,42 €;272,42 €;251,06 €;251,06 €;251,06 €;266,56 €;281,20 €;272,42 €;296,29 €;296,29 €;314,38 €;314,38 €;296,29 €;281,20 €;289,23 €;296,29 €;294,18 €;281,20 €;263,98 €;266,56 €;281,20 €;281,20 €;308,86 €;272,42 €;266,56 €;244,56 €;251,06 €;251,06 €;;;;;;;;;;;;;;;;;;;;;;;;;;;;;;;;;;;;;;;;;;;;;;;;;;;;;;;
Heuel;2,1;2,4;shp;344,48 €;374,43 €;374,43 €;334,91 €;334,91 €;324,48 €;334,91 €;334,91 €;352,90 €;352,90 €;352,90 €;334,91 €;374,43 €;374,43 €;374,43 €;352,90 €;344,48 €;324,48 €;316,61 €;324,48 €;334,91 €;334,91 €;334,91 €;316,61 €;299,06 €;299,06 €;299,06 €;283,25 €;249,52 €;241,36 €;241,56 €;271,80 €;231,12 €;249,52 €;271,80 €;299,06 €;324,48 €;227,52 €;231,12 €;227,52 €;227,52 €;231,12 €;231,12 €;231,12 €;234,74 €;241,56 €;225,59 €;225,59 €;234,74 €;225,59 €;241,56 €;241,36 €;234,74 €;200,86 €;200,86 €;231,12 €;241,56 €;235,98 €;241,56 €;241,36 €;241,36 €;283,25 €;283,25 €;249,52 €;271,80 €;316,61 €;316,61 €;324,48 €;324,48 €;299,06 €;299,06 €;299,06 €;316,61 €;334,91 €;324,48 €;352,90 €;352,90 €;374,43 €;374,43 €;352,90 €;334,91 €;344,48 €;352,90 €;352,90 €;334,91 €;316,61 €;316,61 €;334,91 €;334,91 €;374,43 €;324,48 €;316,61 €;283,25 €;299,06 €;299,06 €;;;;;;;;;;;;;;;;;;;;;;;;;;;;;;;;;;;;;;;;;;;;;;;;;;;;;;;
;;;;;;;;;;;;;;;;;;;;;;;;;;;;;;;;;;;;;;;;;;;;;;;;;;;;;;;;;;;;;;;;;;;;;;;;;;;;;;;;;;;;;;;;;;;;;;;;;;;;;;;;;;;;;;;;;;;;;;;;;;;;;;;;;;;;;;;;;;;;;;;;;;;;;;;;;
Heuel;0,1;3;SHP;507,66 €;560,78 €;547,50 €;449,86 €;411,62 €;441,34 €;467,86 €;507,66 €;475,38 €;488,14 €;488,14 €;462,62 €;520,94 €;534,22 €;568,56 €;540,98 €;499,63 €;398,89 €;398,89 €;411,62 €;454,59 €;481,12 €;494,39 €;401,61 €;401,61 €;348,06 €;401,61 €;335,39 €;322,75 €;265,25 €;258,93 €;309,51 €;262,33 €;348,81 €;361,98 €;401,61 €;454,59 €;273,80 €;285,34 €;251,91 €;245,55 €;253,71 €;297,61 €;285,34 €;297,61 €;322,75 €;273,80 €;262,33 €;310,15 €;297,61 €;375,17 €;373,45 €;297,61 €;215,42 €;215,42 €;235,69 €;310,15 €;297,61 €;335,66 €;335,39 €;322,75 €;428,09 €;375,17 €;361,98 €;361,98 €;428,09 €;428,09 €;454,59 €;441,34 €;401,61 €;401,61 €;414,84 €;441,34 €;499,63 €;472,08 €;554,76 €;554,76 €;582,35 €;596,14 €;568,56 €;554,76 €;507,66 €;540,98 €;554,76 €;467,86 €;441,34 €;441,34 €;485,85 €;513,41 €;554,76 €;485,85 €;458,31 €;375,17 €;414,84 €;386,16 €;;;;;;;;;;;;;;;;;;;;;;;;;;;;;;;;;;;;;;;;;;;;;;;;;;;;;;;
Heuel;3,01;4;SHP;600,87 €;665,98 €;649,70 €;530,84 €;483,96 €;519,57 €;552,07 €;600,87 €;562,11 €;577,76 €;577,76 €;546,47 €;617,14 €;633,42 €;674,69 €;640,88 €;590,19 €;468,35 €;468,35 €;483,96 €;535,82 €;568,33 €;584,60 €;470,87 €;470,87 €;406,05 €;470,87 €;390,52 €;375,03 €;289,13 €;276,29 €;357,97 €;302,61 €;406,14 €;422,29 €;470,87 €;535,82 €;316,67 €;330,81 €;276,29 €;263,58 €;276,29 €;344,20 €;330,81 €;344,20 €;375,03 €;316,67 €;302,61 €;359,58 €;344,20 €;438,46 €;437,17 €;344,20 €;229,98 €;229,98 €;240,26 €;359,58 €;344,20 €;390,03 €;390,52 €;375,03 €;503,32 €;438,46 €;422,29 €;422,29 €;503,32 €;503,32 €;535,82 €;519,57 €;470,87 €;470,87 €;487,09 €;519,57 €;590,19 €;556,42 €;657,78 €;657,78 €;691,59 €;708,50 €;674,69 €;657,78 €;600,87 €;640,88 €;657,78 €;552,07 €;519,57 €;519,57 €;573,31 €;607,08 €;657,78 €;573,31 €;539,55 €;438,46 €;487,09 €;452,76 €;;;;;;;;;;;;;;;;;;;;;;;;;;;;;;;;;;;;;;;;;;;;;;;;;;;;;;;
Heuel;4,01;5;SHP;676,96 €;751,86 €;733,13 €;596,94 €;543,02 €;583,43 €;620,82 €;676,96 €;632,92 €;650,92 €;650,92 €;614,93 €;695,68 €;714,40 €;761,32 €;722,43 €;664,12 €;525,06 €;525,06 €;543,02 €;602,12 €;639,53 €;658,24 €;527,40 €;527,40 €;453,38 €;527,40 €;435,52 €;417,70 €;321,08 €;306,31 €;397,53 €;335,49 €;452,94 €;471,52 €;527,40 €;602,12 €;351,66 €;367,94 €;306,31 €;291,70 €;306,31 €;382,24 €;367,94 €;382,24 €;417,70 €;351,66 €;335,49 €;399,93 €;382,24 €;490,12 €;489,19 €;382,24 €;253,58 €;253,58 €;265,42 €;399,93 €;382,24 €;434,41 €;435,52 €;417,70 €;564,74 €;490,12 €;471,52 €;471,52 €;564,74 €;564,74 €;602,12 €;583,43 €;527,40 €;527,40 €;546,06 €;583,43 €;664,12 €;625,28 €;741,88 €;741,88 €;780,77 €;800,23 €;761,32 €;741,88 €;676,96 €;722,43 €;741,88 €;620,82 €;583,43 €;583,43 €;644,70 €;683,56 €;741,88 €;644,70 €;605,86 €;490,12 €;546,06 €;507,12 €;;;;;;;;;;;;;;;;;;;;;;;;;;;;;;;;;;;;;;;;;;;;;;;;;;;;;;;
Heuel;5,01;6;SHP;756,84 €;842,03 €;820,73 €;666,35 €;605,03 €;650,48 €;693,00 €;756,84 €;707,27 €;727,74 €;727,74 €;686,81 €;778,13 €;799,43 €;852,29 €;808,06 €;741,75 €;584,61 €;584,61 €;605,03 €;671,74 €;714,28 €;735,56 €;586,76 €;586,76 €;503,09 €;586,76 €;482,77 €;462,51 €;354,63 €;337,84 €;439,07 €;370,01 €;502,09 €;523,21 €;586,76 €;671,74 €;388,40 €;406,92 €;337,84 €;321,21 €;337,84 €;422,18 €;406,92 €;422,18 €;462,51 €;388,40 €;370,01 €;442,30 €;422,18 €;544,37 €;543,80 €;422,18 €;278,37 €;278,37 €;291,83 €;442,30 €;422,18 €;481,01 €;482,77 €;462,51 €;629,23 €;544,37 €;523,21 €;523,21 €;629,23 €;629,23 €;671,74 €;650,48 €;586,76 €;586,76 €;607,99 €;650,48 €;741,75 €;697,57 €;830,18 €;830,18 €;874,41 €;896,53 €;852,29 €;830,18 €;756,84 €;808,06 €;830,18 €;693,00 €;650,48 €;650,48 €;719,66 €;763,85 €;830,18 €;719,66 €;675,50 €;544,37 €;607,99 €;564,20 €;;;;;;;;;;;;;;;;;;;;;;;;;;;;;;;;;;;;;;;;;;;;;;;;;;;;;;;
Heuel;6,01;7;SHP;815,21 €;908,14 €;884,90 €;716,88 €;649,98 €;699,16 €;745,56 €;815,21 €;761,52 €;783,85 €;783,85 €;739,20 €;838,43 €;861,67 €;918,94 €;870,68 €;798,34 €;627,70 €;627,70 €;649,98 €;722,36 €;768,77 €;791,99 €;629,65 €;629,65 €;538,76 €;629,65 €;516,60 €;494,49 €;378,41 €;360,09 €;468,51 €;394,39 €;537,27 €;560,31 €;629,65 €;722,36 €;414,45 €;434,65 €;360,09 €;341,95 €;360,09 €;450,49 €;434,65 €;450,49 €;494,49 €;414,45 €;394,39 €;472,44 €;450,49 €;583,40 €;583,19 €;450,49 €;295,62 €;295,62 €;310,30 €;472,44 €;450,49 €;514,27 €;516,60 €;494,49 €;675,98 €;583,40 €;560,31 €;560,31 €;675,98 €;675,98 €;722,36 €;699,16 €;629,65 €;629,65 €;652,81 €;699,16 €;798,34 €;750,14 €;894,81 €;894,81 €;943,07 €;967,20 €;918,94 €;894,81 €;815,21 €;870,68 €;894,81 €;745,56 €;699,16 €;699,16 €;774,23 €;822,45 €;894,81 €;774,23 €;726,05 €;583,40 €;652,81 €;605,43 €;;;;;;;;;;;;;;;;;;;;;;;;;;;;;;;;;;;;;;;;;;;;;;;;;;;;;;;
Heuel;7,01;8;SHP;869,46 €;970,34 €;945,11 €;763,32 €;690,70 €;743,49 €;793,86 €;869,46 €;811,78 €;836,02 €;836,02 €;787,55 €;894,67 €;919,89 €;981,46 €;929,08 €;850,55 €;666,51 €;666,51 €;690,70 €;768,67 €;819,05 €;844,25 €;668,04 €;668,04 €;569,98 €;668,04 €;545,92 €;521,92 €;398,29 €;378,40 €;493,12 €;414,44 €;567,76 €;592,77 €;668,04 €;768,67 €;436,23 €;458,15 €;378,40 €;358,72 €;378,40 €;474,16 €;458,15 €;474,16 €;521,92 €;436,23 €;414,44 €;497,99 €;474,16 €;617,83 €;618,20 €;474,16 €;309,01 €;309,01 €;324,95 €;497,99 €;474,16 €;542,79 €;545,92 €;521,92 €;718,33 €;617,83 €;592,77 €;592,77 €;718,33 €;718,33 €;768,67 €;743,49 €;668,04 €;668,04 €;693,17 €;743,49 €;850,55 €;798,23 €;955,27 €;955,27 €;1.007,66 €;1.033,86 €;981,46 €;955,27 €;869,46 €;929,08 €;955,27 €;793,86 €;743,49 €;743,49 €;824,39 €;876,72 €;955,27 €;824,39 €;772,09 €;617,83 €;693,17 €;642,35 €;;;;;;;;;;;;;;;;;;;;;;;;;;;;;;;;;;;;;;;;;;;;;;;;;;;;;;;
Heuel;8,01;9;SHP;921,97 €;1.030,57 €;1.003,41 €;808,25 €;730,07 €;786,36 €;840,58 €;921,97 €;860,41 €;886,51 €;886,51 €;834,33 €;949,11 €;976,26 €;1.042,00 €;985,62 €;901,07 €;704,03 €;704,03 €;730,07 €;813,46 €;867,70 €;894,83 €;705,13 €;705,13 €;600,10 €;705,13 €;574,21 €;548,37 €;417,44 €;396,03 €;516,83 €;433,75 €;597,18 €;624,11 €;705,13 €;813,46 €;457,20 €;480,80 €;396,03 €;374,83 €;396,03 €;496,95 €;480,80 €;496,95 €;548,37 €;457,20 €;433,75 €;522,61 €;496,95 €;651,08 €;652,01 €;496,95 €;321,87 €;321,87 €;339,02 €;522,61 €;496,95 €;570,30 €;574,21 €;548,37 €;759,27 €;651,08 €;624,11 €;624,11 €;759,27 €;759,27 €;813,46 €;786,36 €;705,13 €;705,13 €;732,19 €;786,36 €;901,07 €;844,75 €;1.013,81 €;1.013,81 €;1.070,20 €;1.098,41 €;1.042,00 €;1.013,81 €;921,97 €;985,62 €;1.013,81 €;840,58 €;786,36 €;786,36 €;872,91 €;929,25 €;1.013,81 €;872,91 €;816,61 €;651,08 €;732,19 €;678,01 €;;;;;;;;;;;;;;;;;;;;;;;;;;;;;;;;;;;;;;;;;;;;;;;;;;;;;;;
Heuel;9,01;10;SHP;975,52 €;1.092,05 €;1.062,91 €;854,02 €;770,13 €;830,00 €;888,18 €;975,52 €;910,00 €;938,00 €;938,00 €;882,00 €;1.004,64 €;1.033,77 €;1.103,79 €;1.043,28 €;952,57 €;742,19 €;742,19 €;770,13 €;859,09 €;917,29 €;946,40 €;742,84 €;742,84 €;630,67 €;742,84 €;602,88 €;575,15 €;436,78 €;413,81 €;540,78 €;453,22 €;626,99 €;655,89 €;742,84 €;859,09 €;478,38 €;503,71 €;413,81 €;391,06 €;413,81 €;519,98 €;503,71 €;519,98 €;575,15 €;478,38 €;453,22 €;547,51 €;519,98 €;684,84 €;686,37 €;519,98 €;334,76 €;334,76 €;353,16 €;547,51 €;519,98 €;598,16 €;602,88 €;575,15 €;800,93 €;684,84 €;655,89 €;655,89 €;800,93 €;800,93 €;859,09 €;830,00 €;742,84 €;742,84 €;771,87 €;830,00 €;952,57 €;892,13 €;1.073,53 €;1.073,53 €;1.134,05 €;1.164,32 €;1.103,79 €;1.073,53 €;975,52 €;1.043,28 €;1.073,53 €;888,18 €;830,00 €;830,00 €;922,34 €;982,80 €;1.073,53 €;922,34 €;861,92 €;684,84 €;771,87 €;714,27 €;;;;;;;;;;;;;;;;;;;;;;;;;;;;;;;;;;;;;;;;;;;;;;;;;;;;;;;
Heuel;10,01;11;SHP;1.021,37 €;1.144,76 €;1.113,91 €;893,16 €;804,32 €;867,28 €;928,89 €;1.021,37 €;952,44 €;982,09 €;982,09 €;922,79 €;1.052,21 €;1.083,06 €;1.156,75 €;1.092,68 €;996,62 €;774,74 €;774,74 €;804,32 €;898,08 €;959,71 €;990,53 €;774,98 €;774,98 €;656,65 €;774,98 €;627,23 €;597,87 €;453,13 €;428,81 €;561,02 €;469,64 €;652,32 €;682,92 €;774,98 €;898,08 €;496,29 €;523,11 €;428,81 €;404,72 €;428,81 €;539,45 €;523,11 €;539,45 €;597,87 €;496,29 €;469,64 €;568,59 €;539,45 €;713,57 €;715,64 €;539,45 €;345,55 €;345,55 €;365,04 €;568,59 €;539,45 €;621,78 €;627,23 €;597,87 €;836,50 €;713,57 €;682,92 €;682,92 €;836,50 €;836,50 €;898,08 €;867,28 €;774,98 €;774,98 €;805,73 €;867,28 €;996,62 €;932,62 €;1.124,71 €;1.124,71 €;1.188,79 €;1.220,84 €;1.156,75 €;1.124,71 €;1.021,37 €;1.092,68 €;1.124,71 €;928,89 €;867,28 €;867,28 €;964,61 €;1.028,63 €;1.124,71 €;964,61 €;900,64 €;713,57 €;805,73 €;745,18 €;;;;;;;;;;;;;;;;;;;;;;;;;;;;;;;;;;;;;;;;;;;;;;;;;;;;;;;
Heuel;11,01;14;SHP;1.102,45 €;1.240,14 €;1.205,71 €;960,83 €;861,71 €;930,52 €;999,26 €;1.102,45 €;1.026,97 €;1.060,05 €;1.060,05 €;993,90 €;1.136,87 €;1.171,29 €;1.252,08 €;1.180,59 €;1.073,41 €;828,70 €;828,70 €;861,71 €;964,89 €;1.033,65 €;1.068,05 €;827,54 €;827,54 €;696,94 €;827,54 €;664,10 €;631,34 €;475,57 €;448,43 €;588,80 €;491,13 €;690,67 €;724,81 €;827,54 €;964,89 €;520,86 €;550,79 €;448,43 €;421,55 €;448,43 €;566,16 €;550,79 €;566,16 €;631,34 €;520,86 €;491,13 €;598,68 €;566,16 €;759,01 €;762,75 €;566,16 €;356,96 €;356,96 €;378,70 €;598,68 €;566,16 €;656,60 €;664,10 €;631,34 €;896,18 €;759,01 €;724,81 €;724,81 €;896,18 €;896,18 €;964,89 €;930,52 €;827,54 €;827,54 €;861,85 €;930,52 €;1.073,41 €;1.002,00 €;1.216,33 €;1.216,33 €;1.287,84 €;1.323,59 €;1.252,08 €;1.216,33 €;1.102,45 €;1.180,59 €;1.216,33 €;999,26 €;930,52 €;930,52 €;1.037,70 €;1.109,13 €;1.216,33 €;1.037,70 €;966,31 €;759,01 €;861,85 €;795,71 €;;;;;;;;;;;;;;;;;;;;;;;;;;;;;;;;;;;;;;;;;;;;;;;;;;;;;;;
;;;;;;;;;;;;;;;;;;;;;;;;;;;;;;;;;;;;;;;;;;;;;;;;;;;;;;;;;;;;;;;;;;;;;;;;;;;;;;;;;;;;;;;;;;;;;;;;;;;;;;;;;;;;;;;;;;;;;;;;;;;;;;;;;;;;;;;;;;;;;;;;;;;;;;;;;
Flohr;0,1;3;SHP;#NV;#NV;#NV;#NV;#NV;#NV;#NV;#NV;#NV;#NV;#NV;#NV;#NV;#NV;#NV;#NV;#NV;#NV;#NV;#NV;#NV;#NV;#NV;#NV;#NV;#NV;#NV;#NV;#NV;#NV;#NV;#NV;#NV;#NV;#NV;#NV;#NV;#NV;#NV;#NV;#NV;#NV;#NV;#NV;#NV;#NV;307,00 €;307,00 €;345,00 €;340,00 €;390,00 €;363,00 €;267,00 €;275,00 €;#NV;#NV;345,00 €;330,00 €;363,00 €;359,00 €;359,00 €;423,00 €;385,00 €;381,00 €;385,00 €;#NV;#NV;#NV;#NV;#NV;#NV;#NV;#NV;#NV;#NV;#NV;#NV;#NV;#NV;#NV;#NV;#NV;#NV;#NV;#NV;#NV;#NV;#NV;#NV;#NV;#NV;#NV;#NV;#NV;#NV;;;;;;;;;;;;;;;;;;;;;;;;;;;;;;;;;;;;;;;;;;;;;;;;;;;;;;;
Flohr;3,01;4;SHP;#NV;#NV;#NV;#NV;#NV;#NV;#NV;#NV;#NV;#NV;#NV;#NV;#NV;#NV;#NV;#NV;#NV;#NV;#NV;#NV;#NV;#NV;#NV;#NV;#NV;#NV;#NV;#NV;#NV;#NV;#NV;#NV;#NV;#NV;#NV;#NV;#NV;#NV;#NV;#NV;#NV;#NV;#NV;#NV;#NV;#NV;348,00 €;348,00 €;396,00 €;390,00 €;453,00 €;419,00 €;296,00 €;305,00 €;#NV;#NV;396,00 €;381,00 €;419,00 €;412,00 €;412,00 €;485,00 €;444,00 €;439,00 €;444,00 €;#NV;#NV;#NV;#NV;#NV;#NV;#NV;#NV;#NV;#NV;#NV;#NV;#NV;#NV;#NV;#NV;#NV;#NV;#NV;#NV;#NV;#NV;#NV;#NV;#NV;#NV;#NV;#NV;#NV;#NV;;;;;;;;;;;;;;;;;;;;;;;;;;;;;;;;;;;;;;;;;;;;;;;;;;;;;;;
Flohr;4,01;5;SHP;#NV;#NV;#NV;#NV;#NV;#NV;#NV;#NV;#NV;#NV;#NV;#NV;#NV;#NV;#NV;#NV;#NV;#NV;#NV;#NV;#NV;#NV;#NV;#NV;#NV;#NV;#NV;#NV;#NV;#NV;#NV;#NV;#NV;#NV;#NV;#NV;#NV;#NV;#NV;#NV;#NV;#NV;#NV;#NV;#NV;#NV;389,00 €;389,00 €;450,00 €;442,00 €;514,00 €;475,00 €;323,00 €;338,00 €;#NV;#NV;450,00 €;431,00 €;475,00 €;466,00 €;466,00 €;557,00 €;508,00 €;500,00 €;508,00 €;#NV;#NV;#NV;#NV;#NV;#NV;#NV;#NV;#NV;#NV;#NV;#NV;#NV;#NV;#NV;#NV;#NV;#NV;#NV;#NV;#NV;#NV;#NV;#NV;#NV;#NV;#NV;#NV;#NV;#NV;;;;;;;;;;;;;;;;;;;;;;;;;;;;;;;;;;;;;;;;;;;;;;;;;;;;;;;
Flohr;5,01;6;SHP;#NV;#NV;#NV;#NV;#NV;#NV;#NV;#NV;#NV;#NV;#NV;#NV;#NV;#NV;#NV;#NV;#NV;#NV;#NV;#NV;#NV;#NV;#NV;#NV;#NV;#NV;#NV;#NV;#NV;#NV;#NV;#NV;#NV;#NV;#NV;#NV;#NV;#NV;#NV;#NV;#NV;#NV;#NV;#NV;#NV;#NV;407,00 €;407,00 €;470,00 €;463,00 €;535,00 €;494,00 €;340,00 €;357,00 €;#NV;#NV;470,00 €;452,00 €;494,00 €;486,00 €;486,00 €;599,00 €;525,00 €;522,00 €;525,00 €;#NV;#NV;#NV;#NV;#NV;#NV;#NV;#NV;#NV;#NV;#NV;#NV;#NV;#NV;#NV;#NV;#NV;#NV;#NV;#NV;#NV;#NV;#NV;#NV;#NV;#NV;#NV;#NV;#NV;#NV;;;;;;;;;;;;;;;;;;;;;;;;;;;;;;;;;;;;;;;;;;;;;;;;;;;;;;;
Flohr;6,01;7;SHP;#NV;#NV;#NV;#NV;#NV;#NV;#NV;#NV;#NV;#NV;#NV;#NV;#NV;#NV;#NV;#NV;#NV;#NV;#NV;#NV;#NV;#NV;#NV;#NV;#NV;#NV;#NV;#NV;#NV;#NV;#NV;#NV;#NV;#NV;#NV;#NV;#NV;#NV;#NV;#NV;#NV;#NV;#NV;#NV;#NV;#NV;439,00 €;439,00 €;524,00 €;514,00 €;596,00 €;551,00 €;348,00 €;371,00 €;#NV;#NV;524,00 €;496,00 €;551,00 €;543,00 €;543,00 €;659,00 €;590,00 €;584,00 €;590,00 €;#NV;#NV;#NV;#NV;#NV;#NV;#NV;#NV;#NV;#NV;#NV;#NV;#NV;#NV;#NV;#NV;#NV;#NV;#NV;#NV;#NV;#NV;#NV;#NV;#NV;#NV;#NV;#NV;#NV;#NV;;;;;;;;;;;;;;;;;;;;;;;;;;;;;;;;;;;;;;;;;;;;;;;;;;;;;;;
Flohr;7,01;8;SHP;#NV;#NV;#NV;#NV;#NV;#NV;#NV;#NV;#NV;#NV;#NV;#NV;#NV;#NV;#NV;#NV;#NV;#NV;#NV;#NV;#NV;#NV;#NV;#NV;#NV;#NV;#NV;#NV;#NV;#NV;#NV;#NV;#NV;#NV;#NV;#NV;#NV;#NV;#NV;#NV;#NV;#NV;#NV;#NV;#NV;#NV;461,00 €;461,00 €;552,00 €;544,00 €;617,00 €;577,00 €;359,00 €;384,00 €;#NV;#NV;552,00 €;527,00 €;577,00 €;570,00 €;570,00 €;697,00 €;610,00 €;599,00 €;610,00 €;1.019,00 €;1.019,00 €;1.125,00 €;1.094,00 €;931,00 €;931,00 €;910,00 €;1.019,00 €;1.155,00 €;1.094,00 €;1.293,00 €;1.319,00 €;1.293,00 €;1.398,00 €;1.265,00 €;1.181,00 €;1.230,00 €;1.230,00 €;1.293,00 €;1.155,00 €;1.068,00 €;1.094,00 €;1.125,00 €;1.181,00 €;1.371,00 €;1.068,00 €;1.019,00 €;859,00 €;910,00 €;859,00 €;;;;;;;;;;;;;;;;;;;;;;;;;;;;;;;;;;;;;;;;;;;;;;;;;;;;;;;
Flohr;8,01;9;SHP;#NV;#NV;#NV;#NV;#NV;#NV;#NV;#NV;#NV;#NV;#NV;#NV;#NV;#NV;#NV;#NV;#NV;#NV;#NV;#NV;#NV;#NV;#NV;#NV;#NV;#NV;#NV;#NV;#NV;#NV;#NV;#NV;#NV;#NV;#NV;#NV;#NV;#NV;#NV;#NV;#NV;#NV;#NV;#NV;#NV;#NV;488,00 €;488,00 €;598,00 €;587,00 €;665,00 €;623,00 €;366,00 €;391,00 €;#NV;#NV;598,00 €;565,00 €;623,00 €;616,00 €;616,00 €;751,00 €;659,00 €;653,00 €;659,00 €;1.019,00 €;1.019,00 €;1.125,00 €;1.094,00 €;931,00 €;931,00 €;910,00 €;1.019,00 €;1.155,00 €;1.094,00 €;1.293,00 €;1.319,00 €;1.293,00 €;1.398,00 €;1.265,00 €;1.181,00 €;1.230,00 €;1.230,00 €;1.293,00 €;1.155,00 €;1.068,00 €;1.094,00 €;1.125,00 €;1.181,00 €;1.371,00 €;1.068,00 €;1.019,00 €;859,00 €;910,00 €;859,00 €;;;;;;;;;;;;;;;;;;;;;;;;;;;;;;;;;;;;;;;;;;;;;;;;;;;;;;;
Flohr;9,01;10;SHP;#NV;#NV;#NV;#NV;#NV;#NV;#NV;#NV;#NV;#NV;#NV;#NV;#NV;#NV;#NV;#NV;#NV;#NV;#NV;#NV;#NV;#NV;#NV;#NV;#NV;#NV;#NV;#NV;#NV;#NV;#NV;#NV;#NV;#NV;#NV;#NV;#NV;#NV;#NV;#NV;#NV;#NV;#NV;#NV;#NV;#NV;506,00 €;506,00 €;620,00 €;607,00 €;725,00 €;661,00 €;382,00 €;409,00 €;#NV;#NV;620,00 €;586,00 €;661,00 €;649,00 €;649,00 €;830,00 €;715,00 €;704,00 €;715,00 €;1.019,00 €;1.019,00 €;1.125,00 €;1.094,00 €;931,00 €;931,00 €;910,00 €;1.019,00 €;1.155,00 €;1.094,00 €;1.293,00 €;1.319,00 €;1.293,00 €;1.398,00 €;1.265,00 €;1.181,00 €;1.230,00 €;1.230,00 €;1.293,00 €;1.155,00 €;1.068,00 €;1.094,00 €;1.125,00 €;1.181,00 €;1.371,00 €;1.068,00 €;1.019,00 €;859,00 €;910,00 €;859,00 €;;;;;;;;;;;;;;;;;;;;;;;;;;;;;;;;;;;;;;;;;;;;;;;;;;;;;;;
Flohr;10,01;11;SHP;#NV;#NV;#NV;#NV;#NV;#NV;#NV;#NV;#NV;#NV;#NV;#NV;#NV;#NV;#NV;#NV;#NV;#NV;#NV;#NV;#NV;#NV;#NV;#NV;#NV;#NV;#NV;#NV;#NV;#NV;#NV;#NV;#NV;#NV;#NV;#NV;#NV;#NV;#NV;#NV;#NV;#NV;#NV;#NV;#NV;#NV;533,00 €;533,00 €;655,00 €;637,00 €;803,00 €;709,00 €;409,00 €;441,00 €;#NV;#NV;655,00 €;616,00 €;709,00 €;689,00 €;689,00 €;926,00 €;787,00 €;772,00 €;787,00 €;1.019,00 €;1.019,00 €;1.125,00 €;1.094,00 €;931,00 €;931,00 €;910,00 €;1.019,00 €;1.155,00 €;1.094,00 €;1.293,00 €;1.319,00 €;1.293,00 €;1.398,00 €;1.265,00 €;1.181,00 €;1.230,00 €;1.230,00 €;1.293,00 €;1.155,00 €;1.068,00 €;1.094,00 €;1.125,00 €;1.181,00 €;1.371,00 €;1.068,00 €;1.019,00 €;859,00 €;910,00 €;859,00 €;;;;;;;;;;;;;;;;;;;;;;;;;;;;;;;;;;;;;;;;;;;;;;;;;;;;;;;
Flohr;11,01;14;SHP;#NV;#NV;#NV;#NV;#NV;#NV;#NV;#NV;#NV;#NV;#NV;#NV;#NV;#NV;#NV;#NV;#NV;#NV;#NV;#NV;#NV;#NV;#NV;#NV;#NV;#NV;#NV;#NV;#NV;#NV;#NV;#NV;#NV;#NV;#NV;#NV;#NV;#NV;#NV;#NV;#NV;#NV;#NV;#NV;#NV;#NV;565,00 €;565,00 €;680,00 €;665,00 €;823,00 €;733,00 €;450,00 €;478,00 €;#NV;#NV;680,00 €;641,00 €;733,00 €;716,00 €;716,00 €;975,00 €;808,00 €;793,00 €;808,00 €;1.019,00 €;1.019,00 €;1.125,00 €;1.094,00 €;931,00 €;931,00 €;910,00 €;1.019,00 €;1.155,00 €;1.094,00 €;1.293,00 €;1.319,00 €;1.293,00 €;1.398,00 €;1.265,00 €;1.181,00 €;1.230,00 €;1.230,00 €;1.293,00 €;1.155,00 €;1.068,00 €;1.094,00 €;1.125,00 €;1.181,00 €;1.371,00 €;1.068,00 €;1.019,00 €;859,00 €;910,00 €;859,00 €;;;;;;;;;;;;;;;;;;;;;;;;;;;;;;;;;;;;;;;;;;;;;;;;;;;;;;;
;;;;;;;;;;;;;;;;;;;;;;;;;;;;;;;;;;;;;;;;;;;;;;;;;;;;;;;;;;;;;;;;;;;;;;;;;;;;;;;;;;;;;;;;;;;;;;;;;;;;;;;;;;;;;;;;;;;;;;;;;;;;;;;;;;;;;;;;;;;;;;;;;;;;;;;;;
Hellmann;0,1;0,4;minimum;71,08 €;73,53 €;77,17 €;73,11 €;71,91 €;69,21 €;68,76 €;73,01 €;74,15 €;73,65 €;73,65 €;73,55 €;88,56 €;92,03 €;78,63 €;83,55 €;72,11 €;63,45 €;63,35 €;63,65 €;68,67 €;80,17 €;80,07 €;66,10 €;57,71 €;57,21 €;58,23 €;52,83 €;53,17 €;42,01 €;40,81 €;58,88 €;57,33 €;55,66 €;57,78 €;54,47 €;62,65 €;55,10 €;66,00 €;68,22 €;58,88 €;55,40 €;56,74 €;56,80 €;54,23 €;54,43 €;59,52 €;67,21 €;67,20 €;61,34 €;68,71 €;83,18 €;60,59 €;58,68 €;65,12 €;57,28 €;68,92 €;60,64 €;68,02 €;68,52 €;74,06 €;72,05 €;69,31 €;69,01 €;69,31 €;74,02 €;73,82 €;75,75 €;73,92 €;68,26 €;68,26 €;67,86 €;71,44 €;107,03 €;72,37 €;84,93 €;85,13 €;80,58 €;88,38 €;81,14 €;84,63 €;74,91 €;81,80 €;107,83 €;73,52 €;73,26 €;81,69 €;79,90 €;79,02 €;79,01 €;68,32 €;73,24 €;73,28 €;60,87 €;62,69 €;;;;;;;;;;;;;;;;;;;;;;;;;;;;;;;;;;;;;;;;;;;;;;;;;;;;;;;
Hellmann;0,41;0,8;shp;120,64 €;129,39 €;135,01 €;129,44 €;127,04 €;121,39 €;120,75 €;125,64 €;125,31 €;126,98 €;126,98 €;124,11 €;159,01 €;164,01 €;137,95 €;145,68 €;123,84 €;106,01 €;109,50 €;106,41 €;118,62 €;137,77 €;137,57 €;109,38 €;94,65 €;93,65 €;97,72 €;84,77 €;89,21 €;66,34 €;63,94 €;100,50 €;97,67 €;92,65 €;94,83 €;91,81 €;104,67 €;89,17 €;111,54 €;115,37 €;99,22 €;92,19 €;92,57 €;92,85 €;91,08 €;90,15 €;100,13 €;117,06 €;117,54 €;105,77 €;116,99 €;143,61 €;100,53 €;98,77 €;109,17 €;97,48 €;114,60 €;102,47 €;117,36 €;118,36 €;126,81 €;122,71 €;120,93 €;117,59 €;118,19 €;129,67 €;129,27 €;134,51 €;129,47 €;118,94 €;118,94 €;114,18 €;126,04 €;193,50 €;124,08 €;144,11 €;144,51 €;142,04 €;156,38 €;142,62 €;143,51 €;128,32 €;144,75 €;195,10 €;126,27 €;126,01 €;140,51 €;141,35 €;138,70 €;138,46 €;116,12 €;128,17 €;125,05 €;103,07 €;106,76 €;;;;;;;;;;;;;;;;;;;;;;;;;;;;;;;;;;;;;;;;;;;;;;;;;;;;;;;
Hellmann;0,81;1,2;shp;180,34 €;194,37 €;203,03 €;194,63 €;191,03 €;182,27 €;181,13 €;188,46 €;187,47 €;190,24 €;190,24 €;185,67 €;240,97 €;240,71 €;207,00 €;219,04 €;185,76 €;157,76 €;163,47 €;158,36 €;177,85 €;207,22 €;206,92 €;162,35 €;139,97 €;138,47 €;145,25 €;124,67 €;131,99 €;97,59 €;93,99 €;149,89 €;145,46 €;137,06 €;140,54 €;135,89 €;155,66 €;131,75 €;166,87 €;172,64 €;147,56 €;136,70 €;137,05 €;137,47 €;135,13 €;133,10 €;148,71 €;176,03 €;176,35 €;158,04 €;175,27 €;216,84 €;149,52 €;146,66 €;163,34 €;145,21 €;171,00 €;152,60 €;175,73 €;177,23 €;190,01 €;184,05 €;181,64 €;176,17 €;177,07 €;194,96 €;194,36 €;202,89 €;194,66 €;178,25 €;178,25 €;170,60 €;189,57 €;294,14 €;185,95 €;216,45 €;217,05 €;214,28 €;236,16 €;214,78 €;215,55 €;192,45 €;218,10 €;296,54 €;189,40 €;189,22 €;203,07 €;213,27 €;208,66 €;208,04 €;173,51 €;193,02 €;179,74 €;153,61 €;159,19 €;;;;;;;;;;;;;;;;;;;;;;;;;;;;;;;;;;;;;;;;;;;;;;;;;;;;;;;
Hellmann;1,21;1,6;shp;229,58 €;247,57 €;258,92 €;248,02 €;243,22 €;231,78 €;230,43 €;240,17 €;238,63 €;242,03 €;242,03 €;236,23 €;307,69 €;292,07 €;263,40 €;279,05 €;236,57 €;200,16 €;207,40 €;200,96 €;225,74 €;263,03 €;262,63 €;205,57 €;177,10 €;175,10 €;183,33 €;157,08 €;166,34 €;123,12 €;118,32 €;189,44 €;183,69 €;173,08 €;177,63 €;171,54 €;197,50 €;166,08 €;211,74 €;219,27 €;186,58 €;172,34 €;173,00 €;173,61 €;170,25 €;167,97 €;187,69 €;223,11 €;223,99 €;200,13 €;222,76 €;275,07 €;189,27 €;185,56 €;206,87 €;183,30 €;216,95 €;193,21 €;222,79 €;224,79 €;240,78 €;234,05 €;230,64 €;223,96 €;225,16 €;248,35 €;247,55 €;258,47 €;247,95 €;226,44 €;226,44 €;216,65 €;241,21 €;375,83 €;236,90 €;275,93 €;276,73 €;273,05 €;301,19 €;273,58 €;274,73 €;245,23 €;278,10 €;379,03 €;241,33 €;240,98 €;258,84 €;272,21 €;265,63 €;264,98 €;220,77 €;245,36 €;228,84 €;194,20 €;201,78 €;;;;;;;;;;;;;;;;;;;;;;;;;;;;;;;;;;;;;;;;;;;;;;;;;;;;;;;
Hellmann;1,61;2;shp;288,53 €;312,02 €;326,68 €;312,56 €;306,56 €;292,12 €;290,30 €;302,27 €;299,98 €;304,70 €;304,70 €;296,98 €;389,06 €;356,30 €;331,87 €;352,12 €;297,77 €;251,19 €;260,71 €;252,19 €;284,46 €;331,89 €;331,39 €;257,76 €;221,73 €;219,23 €;230,37 €;196,29 €;208,65 €;153,78 €;147,78 €;238,31 €;231,00 €;216,97 €;222,64 €;215,15 €;247,79 €;207,95 €;266,36 €;275,77 €;234,37 €;216,33 €;216,77 €;217,54 €;213,79 €;210,39 €;235,57 €;281,53 €;282,15 €;251,90 €;280,32 €;347,68 €;237,54 €;232,92 €;260,27 €;230,38 €;272,54 €;243,11 €;280,44 €;282,94 €;303,13 €;294,63 €;290,79 €;281,82 €;283,32 €;313,09 €;312,09 €;326,29 €;312,59 €;285,06 €;285,06 €;272,30 €;304,22 €;475,56 €;298,03 €;347,34 €;348,34 €;344,76 €;380,32 €;345,14 €;345,84 €;308,61 €;350,69 €;479,56 €;303,72 €;303,45 €;308,30 €;343,86 €;335,03 €;333,78 €;277,45 €;309,71 €;272,81 €;244,26 €;253,69 €;;;;;;;;;;;;;;;;;;;;;;;;;;;;;;;;;;;;;;;;;;;;;;;;;;;;;;;
Hellmann;2,1;2,5;shp;332,33 €;343,28 €;343,28 €;319,40 €;306,46 €;307,46 €;315,42 €;320,39 €;325,37 €;325,37 €;325,37 €;321,39 €;327,36 €;333,33 €;349,25 €;341,29 €;319,40 €;303,48 €;297,51 €;304,47 €;315,42 €;323,38 €;321,39 €;288,55 €;287,56 €;285,57 €;288,55 €;271,64 €;266,66 €;257,71 €;248,75 €;256,71 €;252,73 €;272,63 €;265,67 €;293,53 €;305,47 €;251,74 €;258,70 €;246,76 €;241,79 €;246,76 €;254,72 €;257,71 €;252,73 €;262,68 €;257,71 €;247,76 €;268,65 €;257,71 €;280,59 €;267,66 €;259,70 €;240,79 €;235,82 €;235,82 €;269,65 €;265,67 €;271,64 €;274,62 €;265,67 €;291,54 €;281,59 €;283,58 €;285,57 €;307,46 €;305,47 €;313,43 €;311,44 €;301,49 €;300,49 €;296,51 €;314,42 €;334,32 €;332,33 €;346,26 €;347,26 €;351,24 €;359,20 €;346,26 €;338,30 €;335,32 €;351,24 €;340,29 €;325,37 €;308,45 €;310,44 €;325,37 €;331,34 €;350,24 €;320,39 €;311,44 €;289,55 €;294,52 €;296,51 €;;;;;;;;;;;;;;;;;;;;;;;;;;;;;;;;;;;;;;;;;;;;;;;;;;;;;;;
Hellmann;2,51;3;SHP;353,23 €;365,17 €;365,17 €;340,29 €;326,36 €;327,36 €;335,32 €;341,29 €;346,26 €;346,26 €;346,26 €;342,28 €;348,25 €;354,22 €;371,14 €;363,18 €;339,30 €;322,38 €;316,41 €;324,37 €;335,32 €;344,27 €;342,28 €;306,46 €;305,47 €;303,48 €;307,46 €;288,55 €;283,58 €;273,63 €;264,67 €;272,63 €;268,65 €;289,55 €;282,58 €;312,43 €;325,37 €;267,66 €;275,62 €;262,68 €;256,71 €;262,68 €;270,64 €;273,63 €;268,65 €;279,60 €;273,63 €;263,68 €;285,57 €;274,62 €;298,50 €;284,57 €;276,61 €;255,72 €;250,74 €;250,74 €;286,56 €;282,58 €;288,55 €;292,53 €;282,58 €;310,44 €;299,50 €;301,49 €;303,48 €;327,36 €;325,37 €;333,33 €;331,34 €;320,39 €;319,40 €;315,42 €;334,32 €;355,22 €;353,23 €;368,15 €;369,15 €;373,13 €;382,08 €;368,15 €;360,19 €;357,21 €;373,13 €;362,18 €;346,26 €;328,35 €;330,34 €;346,26 €;352,23 €;372,13 €;341,29 €;331,34 €;308,45 €;313,43 €;315,42 €;;;;;;;;;;;;;;;;;;;;;;;;;;;;;;;;;;;;;;;;;;;;;;;;;;;;;;;
Hellmann;3,01;4;SHP;442,78 €;462,68 €;463,67 €;419,89 €;394,02 €;397,01 €;410,94 €;421,88 €;429,84 €;429,84 €;429,84 €;421,88 €;433,82 €;443,77 €;474,62 €;458,70 €;417,90 €;388,05 €;377,11 €;391,04 €;410,94 €;427,85 €;422,88 €;360,19 €;358,20 €;355,22 €;362,18 €;328,35 €;320,39 €;301,49 €;285,57 €;301,49 €;293,53 €;330,34 €;318,40 €;370,14 €;393,03 €;291,54 €;305,47 €;283,58 €;273,63 €;283,58 €;296,51 €;301,49 €;293,53 €;312,43 €;302,48 €;284,57 €;322,38 €;304,47 €;346,26 €;322,38 €;307,46 €;271,64 €;262,68 €;262,68 €;324,37 €;317,41 €;328,35 €;335,32 €;317,41 €;366,16 €;348,25 €;351,24 €;354,22 €;397,01 €;394,02 €;406,96 €;402,98 €;384,07 €;383,08 €;375,12 €;409,94 €;446,76 €;442,78 €;467,65 €;470,64 €;477,60 €;492,53 €;468,65 €;453,72 €;449,74 €;477,60 €;457,70 €;429,84 €;399,00 €;400,99 €;430,84 €;439,79 €;474,62 €;420,89 €;404,97 €;363,18 €;373,13 €;375,12 €;;;;;;;;;;;;;;;;;;;;;;;;;;;;;;;;;;;;;;;;;;;;;;;;;;;;;;;
Hellmann;4,01;5;SHP;515,41 €;542,28 €;543,27 €;485,56 €;450,74 €;454,72 €;472,63 €;487,55 €;498,50 €;498,50 €;498,50 €;488,55 €;504,47 €;517,40 €;558,20 €;537,30 €;482,58 €;441,78 €;427,85 €;445,76 €;472,63 €;495,51 €;488,55 €;404,97 €;400,99 €;398,00 €;407,95 €;361,19 €;350,24 €;326,36 €;304,47 €;325,37 €;315,42 €;364,17 €;348,25 €;417,90 €;448,75 €;312,43 €;330,34 €;301,49 €;287,56 €;301,49 €;318,40 €;326,36 €;315,42 €;340,29 €;326,36 €;303,48 €;353,23 €;329,35 €;386,06 €;353,23 €;333,33 €;285,57 €;273,63 €;273,63 €;357,21 €;347,26 €;362,18 €;370,14 €;347,26 €;412,93 €;389,05 €;392,03 €;396,01 €;453,72 €;449,74 €;467,65 €;462,68 €;436,81 €;435,81 €;424,87 €;471,63 €;521,38 €;516,41 €;550,24 €;553,22 €;563,17 €;583,07 €;550,24 €;530,34 €;525,36 €;563,17 €;536,31 €;498,50 €;456,71 €;459,69 €;499,49 €;511,43 €;559,19 €;485,56 €;464,67 €;408,95 €;421,88 €;424,87 €;;;;;;;;;;;;;;;;;;;;;;;;;;;;;;;;;;;;;;;;;;;;;;;;;;;;;;;
Hellmann;5,01;6;SHP;566,16 €;598,00 €;598,99 €;530,34 €;489,54 €;494,52 €;515,41 €;533,32 €;546,26 €;546,26 €;545,26 €;534,32 €;553,22 €;568,15 €;616,90 €;592,03 €;527,35 €;479,59 €;462,68 €;483,57 €;516,41 €;542,28 €;534,32 €;435,81 €;431,83 €;427,85 €;438,80 €;384,07 €;371,14 €;343,28 €;317,41 €;342,28 €;330,34 €;388,05 €;370,14 €;450,74 €;486,56 €;327,36 €;348,25 €;314,42 €;297,51 €;314,42 €;334,32 €;343,28 €;330,34 €;359,20 €;343,28 €;316,41 €;375,12 €;347,26 €;413,92 €;375,12 €;352,23 €;294,52 €;281,59 €;281,59 €;379,10 €;367,16 €;385,07 €;395,02 €;367,16 €;445,76 €;416,91 €;420,89 €;425,86 €;493,52 €;488,55 €;509,44 €;504,47 €;473,62 €;471,63 €;458,70 €;513,42 €;572,13 €;567,15 €;606,95 €;610,93 €;621,88 €;645,76 €;607,95 €;584,07 €;577,10 €;621,88 €;590,04 €;546,26 €;496,51 €;500,49 €;547,25 €;562,18 €;617,90 €;531,33 €;505,46 €;440,79 €;455,71 €;459,69 €;;;;;;;;;;;;;;;;;;;;;;;;;;;;;;;;;;;;;;;;;;;;;;;;;;;;;;;
Hellmann;6,01;7;SHP;642,77 €;680,58 €;682,57 €;598,00 €;548,25 €;554,22 €;580,09 €;601,98 €;617,90 €;617,90 €;616,90 €;602,97 €;625,86 €;644,76 €;704,46 €;674,61 €;594,02 €;535,31 €;515,41 €;541,28 €;581,08 €;612,92 €;602,97 €;482,58 €;476,61 €;472,63 €;486,56 €;419,89 €;403,97 €;368,15 €;337,31 €;367,16 €;353,23 €;423,87 €;400,99 €;500,49 €;545,26 €;349,25 €;375,12 €;333,33 €;312,43 €;333,33 €;357,21 €;368,15 €;353,23 €;389,05 €;369,15 €;335,32 €;407,95 €;373,13 €;454,72 €;407,95 €;379,10 €;309,45 €;292,53 €;292,53 €;412,93 €;399,00 €;420,89 €;432,83 €;399,00 €;494,52 €;458,70 €;464,67 €;469,64 €;553,22 €;547,25 €;572,13 €;566,16 €;528,35 €;526,36 €;510,44 €;578,10 €;649,74 €;642,77 €;691,53 €;696,50 €;710,43 €;739,29 €;692,52 €;664,66 €;655,71 €;710,43 €;671,63 €;617,90 €;556,21 €;562,18 €;618,89 €;636,80 €;705,46 €;599,99 €;568,15 €;487,55 €;506,46 €;511,43 €;;;;;;;;;;;;;;;;;;;;;;;;;;;;;;;;;;;;;;;;;;;;;;;;;;;;;;;
Hellmann;7,01;8;SHP;692,52 €;736,30 €;738,29 €;643,77 €;588,05 €;594,02 €;622,87 €;647,75 €;665,66 €;665,66 €;664,66 €;648,74 €;674,61 €;696,50 €;763,17 €;728,34 €;638,79 €;573,12 €;550,24 €;579,09 €;623,87 €;659,69 €;649,74 €;513,42 €;507,45 €;502,48 €;517,40 €;442,78 €;424,87 €;385,07 €;351,24 €;384,07 €;368,15 €;447,75 €;421,88 €;534,32 €;584,07 €;364,17 €;393,03 €;346,26 €;323,38 €;346,26 €;373,13 €;385,07 €;368,15 €;407,95 €;386,06 €;348,25 €;429,84 €;391,04 €;482,58 €;429,84 €;398,00 €;319,40 €;300,49 €;300,49 €;434,82 €;418,90 €;443,77 €;457,70 €;418,90 €;526,36 €;487,55 €;493,52 €;499,49 €;593,02 €;586,06 €;614,91 €;606,95 €;565,16 €;563,17 €;545,26 €;620,88 €;701,48 €;693,52 €;748,24 €;754,21 €;769,14 €;801,97 €;749,24 €;717,40 €;708,44 €;769,14 €;726,35 €;665,66 €;597,00 €;602,97 €;666,65 €;686,55 €;764,16 €;644,76 €;609,94 €;519,39 €;540,29 €;545,26 €;;;;;;;;;;;;;;;;;;;;;;;;;;;;;;;;;;;;;;;;;;;;;;;;;;;;;;;
Hellmann;8,01;9;SHP;763,17 €;812,92 €;815,90 €;706,45 €;641,78 €;648,74 €;682,57 €;711,43 €;731,33 €;731,33 €;730,33 €;711,43 €;741,28 €;766,15 €;843,76 €;803,96 €;700,48 €;624,86 €;598,99 €;631,83 €;683,57 €;724,36 €;712,42 €;556,21 €;549,24 €;543,27 €;561,18 €;474,62 €;453,72 €;407,95 €;368,15 €;406,96 €;388,05 €;479,59 €;450,74 €;579,09 €;636,80 €;383,08 €;416,91 €;362,18 €;336,31 €;362,18 €;394,02 €;407,95 €;388,05 €;434,82 €;408,95 €;365,17 €;459,69 €;414,92 €;520,39 €;459,69 €;421,88 €;332,33 €;309,45 €;309,45 €;465,66 €;446,76 €;475,61 €;491,53 €;446,76 €;571,13 €;525,36 €;532,33 €;539,29 €;647,75 €;639,79 €;672,62 €;663,67 €;614,91 €;612,92 €;592,03 €;679,59 €;773,12 €;763,17 €;826,85 €;833,81 €;850,73 €;888,54 €;828,84 €;791,03 €;781,08 €;850,73 €;800,98 €;731,33 €;651,73 €;658,69 €;733,32 €;756,20 €;844,76 €;707,45 €;666,65 €;563,17 €;587,05 €;593,02 €;;;;;;;;;;;;;;;;;;;;;;;;;;;;;;;;;;;;;;;;;;;;;;;;;;;;;;;
Hellmann;9,01;10;SHP;811,92 €;866,65 €;869,63 €;750,23 €;679,59 €;686,55 €;724,36 €;755,21 €;778,09 €;777,10 €;776,10 €;756,20 €;789,04 €;815,90 €;899,48 €;856,70 €;743,27 €;661,68 €;632,82 €;668,64 €;725,36 €;770,13 €;757,20 €;586,06 €;578,10 €;572,13 €;591,03 €;496,51 €;473,62 €;423,87 €;381,09 €;422,88 €;402,98 €;502,48 €;470,64 €;611,93 €;674,61 €;397,01 €;433,82 €;375,12 €;346,26 €;375,12 €;408,95 €;423,87 €;402,98 €;452,73 €;424,87 €;378,10 €;481,58 €;431,83 €;547,25 €;480,59 €;439,79 €;341,29 €;315,42 €;315,42 €;487,55 €;466,66 €;498,50 €;515,41 €;466,66 €;601,98 €;552,23 €;560,19 €;568,15 €;686,55 €;677,60 €;713,42 €;704,46 €;650,73 €;647,75 €;625,86 €;721,38 €;822,87 €;812,92 €;881,57 €;889,53 €;908,44 €;949,23 €;883,56 €;842,77 €;831,82 €;908,44 €;853,71 €;778,09 €;690,53 €;698,49 €;779,09 €;803,96 €;901,47 €;751,23 €;707,45 €;594,02 €;619,89 €;626,85 €;;;;;;;;;;;;;;;;;;;;;;;;;;;;;;;;;;;;;;;;;;;;;;;;;;;;;;;
Hellmann;10,01;11;SHP;888,54 €;949,23 €;953,21 €;817,89 €;738,29 €;746,25 €;789,04 €;823,86 €;849,73 €;848,74 €;847,74 €;824,86 €;861,67 €;892,52 €;987,04 €;939,28 €;810,93 €;717,40 €;685,56 €;726,35 €;790,03 €;840,78 €;825,85 €;632,82 €;623,87 €;616,90 €;638,79 €;531,33 €;506,46 €;449,74 €;400,99 €;447,75 €;424,87 €;538,30 €;502,48 €;661,68 €;732,32 €;418,90 €;460,69 €;393,03 €;355,22 €;393,03 €;431,83 €;449,74 €;424,87 €;482,58 €;450,74 €;397,01 €;514,42 €;457,70 €;589,04 €;513,42 €;467,65 €;348,25 €;317,41 €;317,41 €;521,38 €;498,50 €;533,32 €;552,23 €;498,50 €;650,73 €;595,01 €;603,97 €;611,93 €;746,25 €;736,30 €;776,10 €;766,15 €;705,46 €;702,47 €;677,60 €;785,06 €;900,48 €;888,54 €;967,14 €;975,10 €;996,99 €;1.043,76 €;969,13 €;923,36 €;910,43 €;996,99 €;935,30 €;849,73 €;751,23 €;760,18 €;851,72 €;879,58 €;989,03 €;819,88 €;769,14 €;640,78 €;671,63 €;678,59 €;;;;;;;;;;;;;;;;;;;;;;;;;;;;;;;;;;;;;;;;;;;;;;;;;;;;;;;
Hellmann;11,01;14;SHP;987,04 €;1.059,68 €;1.063,66 €;902,47 €;807,94 €;817,89 €;868,64 €;910,43 €;940,28 €;939,28 €;938,29 €;911,42 €;955,20 €;992,02 €;1.105,45 €;1.047,74 €;894,51 €;783,07 €;744,26 €;794,01 €;869,63 €;930,33 €;912,42 €;681,58 €;671,63 €;662,67 €;689,54 €;561,18 €;531,33 €;463,67 €;404,97 €;461,68 €;434,82 €;570,14 €;526,36 €;716,40 €;800,98 €;426,86 €;476,61 €;397,01 €;358,20 €;397,01 €;442,78 €;463,67 €;434,82 €;502,48 €;464,67 €;400,99 €;540,29 €;473,62 €;629,84 €;539,29 €;484,57 €;352,23 €;319,40 €;319,40 €;549,24 €;521,38 €;563,17 €;586,06 €;521,38 €;703,47 €;636,80 €;647,75 €;657,70 €;816,90 €;804,96 €;853,71 €;840,78 €;769,14 €;765,16 €;735,31 €;863,66 €;1.000,97 €;988,04 €;1.080,57 €;1.090,52 €;1.116,39 €;1.172,11 €;1.082,56 €;1.028,83 €;1.012,91 €;1.116,39 €;1.042,76 €;940,28 €;822,87 €;833,81 €;942,27 €;976,10 €;1.107,44 €;904,46 €;844,76 €;692,52 €;728,34 €;736,30 €;;;;;;;;;;;;;;;;;;;;;;;;;;;;;;;;;;;;;;;;;;;;;;;;;;;;;;;
